s0250	279
s0250	280
s0250	281
s0250	282
s0250	283
s0250	284
s0250	285
s0250	286
s0250	287
s0250	288
s0250	292
s0250	296
s0250	299
s0011	280
s0011	281
s0011	282
s0011	283
s0011	284
s0011	285
s0011	286
s0011	287
s0011	288
s0011	289
s0011	290
s0011	291
s0011	292
s0011	293
s0011	294
s0011	295
s0011	296
s0011	297
s0011	298
s0011	299
s0011	300
s0011	301
s0011	302
s0011	303
s0011	304
s0011	305
s0011	306
s0011	307
s0011	308
s0011	309
s0011	310
s0011	311
s0011	312
s0011	313
s0011	314
s0011	315
s0011	316
s0011	317
s0011	318
s0011	319
s0011	320
s0011	321
s0011	322
s0011	323
s0011	324
s0011	325
s0011	326
s0011	327
s0011	328
s0011	329
s0011	330
s0011	331
s0011	332
s0011	333
s0011	334
s0011	335
s0011	336
s0011	337
s0011	338
s0011	339
s0011	340
s0011	341
s0011	342
s0011	343
s0011	344
s0011	345
s0011	346
s0011	347
s0011	348
s0011	349
s0011	350
s0011	351
s0011	352
s0011	353
s0011	354
s0011	355
s0011	356
s0011	357
s0011	358
s0011	359
s0011	360
s0011	361
s0011	362
s0011	363
s0720	279
s0720	295
s0720	306
s0720	307
s0720	308
s0720	309
s0720	310
s0720	311
s0720	312
s0720	313
s0720	314
s0720	315
s0720	316
s0720	317
s0720	318
s0720	319
s0720	320
s0720	321
s0720	322
s0720	323
s0720	324
s0720	325
s0720	326
s0720	327
s0720	328
s0720	329
s0720	330
s0720	331
s0720	332
s0720	333
s0720	334
s0720	335
s0720	336
s0720	337
s0720	338
s0720	339
s0720	340
s0720	341
s0720	342
s0720	343
s0720	344
s0720	345
s0720	346
s0720	347
s0720	348
s0720	349
s0720	350
s0720	351
s0720	352
s0720	353
s0720	354
s0720	355
s0720	356
s0720	357
s0720	358
s0720	359
s0720	360
s0720	361
s0720	362
s0720	363
s0720	364
s0720	365
s0720	366
s0720	367
s0720	368
s0720	369
s0720	370
s0720	371
s0720	372
s0720	373
s0720	374
s0720	375
s0720	376
s0720	377
s0720	378
s0720	379
s0477	250
s0477	251
s0477	252
s0477	253
s0477	254
s0477	255
s0477	256
s0477	257
s0477	258
s0477	259
s0477	260
s0477	261
s0477	262
s0477	263
s0477	264
s0477	265
s0477	266
s0477	267
s0477	268
s0477	269
s0477	270
s0477	271
s0477	272
s0477	273
s0477	274
s0477	275
s0477	276
s0477	277
s0477	278
s0477	279
s0477	280
s0477	281
s0477	282
s0477	283
s0477	284
s0477	285
s0477	286
s0477	287
s0477	288
s0477	289
s0477	290
s0477	291
s0477	292
s0477	293
s0477	294
s0477	295
s0477	296
s0477	297
s0477	298
s0477	299
s0477	300
s0477	301
s0477	302
s0477	303
s0477	304
s0477	305
s0477	306
s0477	307
s0477	308
s0477	309
s0477	310
s0477	311
s0477	312
s0477	313
s0477	314
s0477	315
s0477	316
s0477	317
s0477	318
s0477	319
s0477	320
s0477	321
s0477	322
s0477	323
s0477	324
s0477	325
s0477	326
s0477	327
s0477	328
s0477	329
s0477	330
s0477	331
s0477	332
s0477	333
s0461	270
s0461	271
s0461	272
s0461	273
s0461	274
s0461	275
s0461	276
s0461	277
s0461	278
s0461	279
s0461	280
s0461	281
s0461	282
s0461	283
s0461	284
s0461	285
s0461	286
s0461	287
s0461	288
s0461	289
s0461	290
s0461	291
s0461	292
s0461	293
s0461	294
s0461	295
s0461	296
s0461	297
s0461	298
s0461	299
s0461	300
s0461	301
s0461	302
s0461	303
s0461	304
s0461	305
s0461	306
s0461	307
s0461	308
s0461	309
s0461	310
s0461	311
s0461	312
s0461	313
s0461	314
s0461	315
s0461	316
s0461	317
s0461	318
s0461	319
s0461	320
s0461	321
s0461	322
s0461	323
s0461	325
s0461	326
s0461	327
s0461	328
s0461	329
s0461	330
s0461	331
s0461	332
s0461	333
s0461	334
s0461	335
s0461	336
s0461	337
s0461	338
s0461	339
s0461	340
s0461	341
s0461	342
s0461	343
s0461	344
s0461	345
s0461	346
s0461	347
s0461	348
s0461	349
s0461	350
s0461	351
s0461	352
s0461	353
s0461	354
s0461	355
s0461	356
s0461	357
s0461	358
s0461	359
s0461	360
s1287	266
s1287	267
s1287	268
s1287	269
s1287	270
s1287	271
s1287	272
s1287	273
s1287	274
s1287	275
s1287	276
s1287	277
s1287	278
s1287	279
s1287	280
s1287	281
s1287	282
s1287	283
s1287	284
s1287	285
s1287	286
s1287	287
s1287	288
s1287	289
s1287	290
s1287	291
s1287	292
s1287	293
s1287	294
s1287	295
s1287	296
s1287	297
s1287	298
s1287	299
s1287	300
s1287	301
s1287	302
s1287	303
s1287	304
s1287	305
s1287	306
s1287	307
s1287	308
s1287	309
s1287	310
s1287	311
s1287	312
s1287	313
s1287	314
s1287	315
s1287	316
s1287	317
s1287	318
s1287	319
s1287	320
s1287	321
s1287	322
s1287	323
s1287	324
s1287	325
s1287	326
s1287	327
s1287	328
s1287	329
s1287	330
s1287	331
s1287	332
s1287	333
s1287	334
s1287	335
s1287	336
s1287	337
s1287	338
s1287	339
s1287	340
s1287	341
s1287	342
s1287	343
s1287	344
s1287	345
s1287	346
s1287	347
s1287	348
s1287	349
s1287	350
s1287	351
s1287	352
s1287	353
s1287	354
s1287	355
s1287	356
s1287	357
s1287	358
s1287	359
s1336	260
s1336	261
s1336	262
s1336	263
s1336	264
s1336	265
s1336	266
s1336	267
s1336	268
s1336	269
s1336	270
s1336	271
s1336	272
s1336	273
s1336	274
s1336	275
s1336	276
s1336	277
s1336	278
s1336	279
s1336	280
s1336	281
s1336	282
s1336	283
s1336	284
s1336	285
s1336	286
s1336	287
s1336	288
s1336	289
s1336	290
s1336	291
s1336	292
s1336	293
s1336	294
s1336	295
s1336	296
s1336	297
s1336	298
s1336	299
s1336	300
s1336	301
s1336	302
s1336	303
s1336	304
s1336	305
s1336	306
s1336	307
s1336	308
s1336	309
s1336	310
s1336	311
s1336	312
s1336	313
s1336	314
s1336	315
s1336	316
s1336	317
s1336	318
s1336	319
s1336	320
s1336	321
s1336	322
s1336	323
s1336	324
s1336	325
s1336	326
s1336	327
s1336	328
s1336	329
s1336	330
s1336	331
s1336	332
s1336	333
s1336	334
s1336	335
s1336	336
s1336	337
s1336	338
s1336	339
s1336	340
s1336	341
s1127	252
s1127	253
s1127	254
s1127	255
s1127	256
s1127	257
s1127	258
s1127	259
s1127	260
s1127	261
s1127	262
s1127	263
s1127	264
s1127	265
s1127	266
s1127	267
s1127	268
s1127	269
s1127	270
s1127	271
s1127	272
s1127	273
s1127	274
s1127	275
s1127	276
s1127	277
s1127	278
s1127	279
s1127	280
s1127	281
s1127	282
s1127	283
s1127	284
s1127	285
s1127	286
s1127	287
s1127	288
s1127	289
s1127	290
s1127	291
s1127	292
s1127	293
s1127	294
s1127	295
s1127	296
s1127	297
s1127	298
s1127	299
s1127	300
s1127	301
s1127	302
s1127	303
s1127	304
s1127	305
s1127	306
s1127	307
s1127	308
s1127	309
s1127	310
s1127	311
s1127	312
s1127	313
s1127	314
s1127	315
s1127	316
s1127	317
s1127	318
s1127	319
s1127	320
s1127	321
s1127	322
s1127	323
s1127	324
s1127	325
s1127	326
s1127	327
s1127	328
s1127	329
s1127	330
s1127	331
s1127	332
s1127	333
s1127	334
s1127	335
s1127	336
s1127	344
s1127	345
s1127	346
s1086	267
s1086	268
s1086	269
s1086	270
s1086	271
s1086	272
s1086	273
s1086	274
s1086	275
s1086	276
s1086	277
s1086	278
s1086	279
s1086	280
s1086	281
s1086	282
s1086	283
s1086	284
s1086	285
s1086	286
s1086	287
s1086	288
s1086	289
s1086	290
s1086	291
s1086	292
s1086	293
s1086	294
s1086	295
s1086	296
s1086	297
s1086	298
s1086	299
s1086	300
s1086	301
s1086	302
s1086	303
s1086	304
s1086	305
s1086	306
s1086	307
s1086	308
s1086	309
s1086	310
s1086	311
s1086	312
s1086	313
s1086	314
s1086	315
s1086	316
s1086	317
s1086	318
s1086	319
s1086	320
s1086	321
s1086	322
s1086	323
s1086	324
s1086	325
s1086	326
s1086	327
s1086	328
s1086	329
s1086	330
s1086	331
s1086	332
s1086	333
s1086	334
s1086	335
s1086	336
s1086	337
s1086	338
s1086	339
s1086	340
s1086	341
s1086	342
s1086	343
s1086	344
s1086	345
s1086	346
s1086	347
s1086	348
s1086	349
s1086	350
s1086	351
s1086	352
s1086	353
s1086	354
s1086	355
s1086	356
s1086	357
s1086	358
s1086	359
s1086	360
s1086	361
s1086	362
s0912	278
s0912	279
s0912	280
s0912	281
s0912	282
s0912	283
s0912	284
s0912	285
s0912	286
s0912	287
s0912	288
s0912	289
s0912	290
s0912	291
s0912	292
s0912	293
s0912	294
s0912	295
s0912	296
s0912	297
s0912	298
s0912	299
s0912	300
s0912	301
s0912	302
s0912	303
s0912	304
s0912	305
s0912	306
s0912	307
s0912	308
s0912	309
s0912	310
s0912	311
s0912	312
s0912	313
s0912	314
s0912	315
s0912	316
s0912	317
s0912	318
s0912	319
s0912	320
s0912	321
s0912	322
s0912	323
s0912	324
s0912	325
s0912	326
s0912	327
s0912	328
s0912	329
s0912	330
s0912	331
s0912	332
s0912	333
s0912	334
s0912	335
s0912	336
s0912	337
s0912	338
s0912	339
s0912	340
s0912	341
s0912	342
s0912	343
s0912	344
s0912	345
s0912	346
s0912	347
s0912	348
s0912	349
s0912	350
s0912	351
s0912	352
s0912	353
s0912	354
s0912	355
s0912	356
s0912	357
s0912	358
s0912	359
s0912	360
s0912	361
s0912	362
s0912	363
s0912	364
s0912	365
s0912	366
s0912	367
s0912	368
s0912	369
s0912	370
s0912	371
s0912	372
s0912	373
s0912	374
s0912	375
s0912	376
s0912	377
s0912	378
s0912	379
s0912	380
s0912	381
s0912	382
s0912	383
s0912	384
s0878	264
s0878	265
s0878	266
s0878	267
s0878	268
s0878	269
s0878	270
s0878	271
s0878	272
s0878	273
s0878	274
s0878	275
s0878	276
s0878	277
s0878	278
s0878	279
s0878	280
s0878	281
s0878	282
s0878	283
s0878	284
s0878	285
s0878	286
s0878	287
s0878	288
s0878	289
s0878	290
s0878	291
s0878	292
s0878	293
s0878	294
s0878	295
s0878	296
s0878	297
s0878	298
s0878	299
s0878	300
s0878	301
s0878	302
s0878	303
s0878	304
s0878	305
s0878	306
s0878	307
s0878	308
s0878	309
s0878	310
s0878	311
s0878	312
s0878	313
s0878	314
s0878	315
s0878	316
s0878	317
s0878	318
s0878	319
s0878	320
s0878	321
s0878	322
s0878	323
s0878	324
s0878	325
s0878	326
s0878	327
s0878	328
s0878	329
s0878	330
s0878	331
s0878	332
s0878	333
s0878	334
s0878	335
s0878	336
s0878	337
s0878	338
s0878	339
s0878	340
s0878	341
s0878	342
s0878	343
s0878	344
s0878	345
s0878	346
s0878	347
s0878	348
s0878	349
s0878	350
s0878	351
s0878	352
s0878	353
s0878	354
s0878	355
s0878	356
